{
  "package": "me.jellysquid.mods.sodium.mixin",
  "required": true,
  "compatibilityLevel": "JAVA_8",
  "plugin": "me.jellysquid.mods.sodium.mixin.SodiumMixinPlugin",
  "injectors": {
    "defaultRequire": 1
  },
  "client": [
    "buffers.MixinBufferBuilder",
    "buffers.MixinSpriteTexturedVertexConsumer",
    "buffers.fast_sort.MixinBufferBuilder",
    "chunk_rendering.MixinChunkBuilder",
    "chunk_rendering.MixinClientWorld",
    "chunk_rendering.MixinWorldRenderer",
    "client_world_ticking.MixinClientWorld",
    "debug.MixinDebugHud",
    "entity_rendering.MixinCuboid",
    "entity_rendering.MixinEntityRenderer",
    "entity_rendering.MixinModelPart",
    "gui.MixinDebugHud",
    "gui.font.MixinGlyphRenderer",
    "item_rendering.MixinItemColors",
    "item_rendering.MixinItemRenderer",
    "models.MixinBlockColors",
    "models.MixinMultipartBakedModel",
    "mojmath.MixinFrustum",
    "mojmath.matrices.MixinMatrix3f",
    "mojmath.matrices.MixinMatrix4f",
    "mojmath.matrices.MixinMatrixStack",
    "mojmath.matrices.MixinVertexConsumer",
    "options.MixinGameOptions",
    "options.MixinInGameHud",
    "options.MixinMinecraftClient",
    "options.MixinOptionsScreen",
    "options.MixinWorldRenderer",
    "particles.MixinBillboardParticle",
    "particles.MixinParticleManager",
    "pipeline.MixinBakedQuad",
    "pipeline.MixinBlockModelRenderer",
    "pipeline.MixinBufferBuilder",
    "pipeline.MixinVertexConsumer",
    "pipeline.MixinWorldRenderer",
    "render_layers.MixinRenderLayers",
    "textures.MixinEntityRenderDispatcher",
    "textures.MixinInGameOverlayRenderer",
    "textures.MixinSprite"
  ]
}